order_id,order_date,product_id,amount
O100000,2023-12-23,P234890,139.47
O100001,2025-04-03,P228204,24.73
O100002,2024-10-08,P213892,166.80
O100003,2024-09-14,P208689,63.67
O100004,2024-12-21,P228063,13.88
O100005,2024-04-14,P214062,97.04
O100006,2025-05-20,P201363,266.50
O100007,2023-09-14,P216691,9.98
O100008,2023-10-23,P202751,6.28
O100009,2023-10-31,P207782,10.91
O100010,2024-02-07,P217648,5.95
O100011,2024-07-08,P212540,16.22
O100012,2024-10-13,P245991,9.50
O100013,2023-11-01,P205339,7.12
O100014,2025-02-24,P227020,78.38
O100015,2024-05-03,P227609,40.42
O100016,2024-08-25,P205848,91.78
O100017,2024-09-12,P216877,48.00
O100018,2025-06-20,P218405,1468.64
O100019,2024-10-10,P248629,50.52
O100020,2024-05-10,P246233,35.98
O100021,2024-11-14,P221471,39.54
O100022,2024-12-14,P203302,128.80
O100023,2025-05-16,P214437,176.45
O100024,2024-04-16,P247930,587.47
O100025,2024-08-31,P214512,37.47
O100026,2025-08-26,P232436,133.63
O100027,2025-08-19,P223511,22.48
O100028,2024-05-27,P205022,41.94
O100029,2023-10-11,P243239,108.84
O100030,2023-11-12,P206155,46.69
O100031,2024-04-08,P231480,8.77
O100032,2023-12-30,P238022,7.56
O100033,2024-08-06,P225332,21.21
O100034,2024-08-08,P204354,25.68
O100035,2024-04-04,P231847,17.78
O100036,2025-05-27,P235284,67.80
O100037,2024-07-10,P248640,17.92
O100038,2025-02-13,P210156,101.50
O100039,2024-08-17,P222453,11.14
O100040,2023-12-09,P232689,267.88
O100041,2024-03-31,P223758,6.20
O100042,2025-02-03,P208838,72.10
O100043,2023-10-31,P245502,40.17
O100044,2024-09-27,P243790,313.25
O100045,2025-04-11,P237976,36.99
O100046,2024-01-11,P249346,27.21
O100047,2025-05-03,P213725,24.90
O100048,2025-03-19,P209337,7.33
O100049,2025-03-12,P210701,51.16
O100050,2025-07-14,P229811,16.12
O100051,2024-12-31,P243043,783.48
O100052,2024-09-16,P238978,8.29
O100053,2024-01-24,P229316,804.26
O100054,2023-12-29,P211544,18.94
O100055,2023-11-23,P221514,13.04
O100056,2023-12-18,P216327,4.84
O100057,2023-12-06,P246809,668.84
O100058,2024-10-30,P216705,114.21
O100059,2024-08-16,P210479,368.55
O100060,2024-12-01,P211323,14.91
O100061,2023-11-13,P212937,10.46
O100062,2024-06-26,P223089,368.67
O100063,2025-06-24,P201702,12.17
O100064,2024-01-22,P210404,110.70
O100065,2025-06-23,P233598,20.24
O100066,2025-09-03,P208380,149.39
O100067,2024-02-14,P221990,20.91
O100068,2023-12-15,P232859,53.72
O100069,2023-11-22,P203877,3.17
O100070,2024-05-30,P242871,17.00
O100071,2024-10-18,P218720,450.36
O100072,2024-09-21,P207676,88.16
O100073,2025-02-24,P231818,217.48
O100074,2024-12-06,P234348,32.36
O100075,2023-12-21,P248555,74.27
O100076,2025-02-13,P242368,32.52
O100077,2024-05-14,P248180,41.46
O100078,2023-12-20,P224130,23.16
O100079,2024-06-28,P233241,26.12
O100080,2024-03-13,P244392,78.78
O100081,2025-01-23,P249421,3.95
O100082,2025-04-20,P226620,137.66
O100083,2023-09-23,P217077,174.28
O100084,2024-06-08,P212663,715.44
O100085,2025-08-04,P217799,38.76
O100086,2024-06-12,P247285,3.04
O100087,2024-06-18,P217619,92.52
O100088,2023-12-20,P203967,17.58
O100089,2024-07-05,P227488,60.66
O100090,2025-02-09,P213211,5.12
O100091,2024-07-08,P221169,3.65
O100092,2024-08-10,P230373,2571.54
O100093,2024-01-20,P232669,319.22
O100094,2025-07-02,P206634,129.99
O100095,2025-02-22,P200840,22.26
O100096,2023-09-12,P234229,4.89
O100097,2024-09-26,P221318,168.39
O100098,2025-05-02,P215405,98.47
O100099,2025-05-08,P247771,823.81
O100100,2025-02-25,P236240,15.62
O100101,2025-02-04,P215847,29.91
O100102,2025-05-02,P223547,116.65
O100103,2024-11-29,P206575,31.36
O100104,2024-11-14,P230123,191.42
O100105,2023-10-23,P204843,36.94
O100106,2024-11-21,P227451,33.96
O100107,2024-06-08,P207739,203.48
O100108,2024-07-11,P214852,10.02
O100109,2024-08-06,P249092,111.08
O100110,2023-12-23,P209157,62.79
O100111,2023-12-04,P222406,61.50
O100112,2025-01-21,P247284,58.80
O100113,2025-08-08,P245200,141.96
O100114,2024-10-29,P207432,1161.68
O100115,2025-05-07,P218837,13.88
O100116,2025-06-03,P215148,53.93
O100117,2025-08-04,P211194,14.51
O100118,2025-05-06,P232591,6.77
O100119,2023-11-12,P214819,167.50
O100120,2023-09-15,P206625,189.54
O100121,2025-02-04,P207404,118.71
O100122,2025-01-20,P214674,25.34
O100123,2025-04-06,P210507,9.42
O100124,2024-02-16,P220387,456.78
O100125,2023-11-18,P218697,4.84
O100126,2024-10-02,P237391,33.56
O100127,2025-01-30,P219547,10.98
O100128,2024-02-26,P223570,113.44
O100129,2025-06-09,P239783,3.74
O100130,2025-02-12,P228037,6.30
O100131,2025-09-02,P230083,16.35
O100132,2024-06-06,P248029,20.37
O100133,2024-04-16,P240550,12.82
O100134,2024-07-16,P237982,27.79
O100135,2024-07-26,P239706,67.52
O100136,2025-05-13,P202988,28.26
O100137,2025-04-03,P205156,92.86
O100138,2024-08-06,P238280,18.59
O100139,2023-11-21,P209788,21.43
O100140,2024-03-05,P214185,177.35
O100141,2023-12-19,P218734,32.32
O100142,2023-09-27,P209971,155.94
O100143,2025-02-13,P243408,22.75
O100144,2024-02-24,P206487,120.29
O100145,2024-06-06,P220997,28.05
O100146,2023-12-11,P246456,123.11
O100147,2024-10-16,P212452,284.70
O100148,2025-02-20,P215372,1160.34
O100149,2023-12-19,P244767,3226.84
O100150,2024-12-04,P213434,385.24
O100151,2025-07-11,P212416,158.85
O100152,2025-07-05,P219248,609.34
O100153,2024-01-02,P246713,862.36
O100154,2024-03-17,P228194,44.71
O100155,2024-12-04,P233785,4.21
O100156,2024-11-14,P237458,289.14
O100157,2023-09-18,P208373,31.13
O100158,2025-02-28,P230283,213.82
O100159,2025-07-14,P229415,474.15
O100160,2024-02-27,P226414,474.59
O100161,2025-07-09,P214378,52.12
O100162,2024-01-01,P218336,31.30
O100163,2024-11-10,P204700,130.58
O100164,2024-04-08,P213901,26.03
O100165,2024-02-12,P224838,8.15
O100166,2024-09-09,P222597,45.21
O100167,2025-04-26,P233428,34.58
O100168,2023-10-15,P240149,142.96
O100169,2025-07-18,P235687,32.54
O100170,2024-04-09,P229493,57.75
O100171,2025-09-03,P231852,40.65
O100172,2024-09-10,P210932,193.12
O100173,2025-07-27,P223009,171.02
O100174,2024-08-09,P233583,7.39
O100175,2023-09-27,P247278,188.46
O100176,2025-09-06,P227994,2177.04
O100177,2025-07-31,P229865,93.00
O100178,2024-02-02,P212289,99.52
O100179,2023-12-28,P228293,16.48
O100180,2025-04-05,P204734,137.57
O100181,2024-02-03,P220013,331.04
O100182,2024-11-05,P235521,33.70
O100183,2024-11-13,P206505,26.91
O100184,2024-11-10,P244327,122.20
O100185,2024-10-08,P247673,49.21
O100186,2025-01-24,P204685,82.04
O100187,2024-06-12,P249353,41.00
O100188,2024-03-13,P218409,57.32
O100189,2023-11-04,P219517,97.16
O100190,2024-09-14,P244533,37.86
O100191,2025-04-08,P230475,189.07
O100192,2024-12-31,P236989,7.37
O100193,2024-04-10,P215327,25.64
O100194,2023-12-18,P203671,14.25
O100195,2024-08-10,P204941,49.20
O100196,2025-08-01,P226372,236.98
O100197,2025-01-24,P212466,23.49
O100198,2025-06-30,P218286,52.70
O100199,2025-05-24,P244959,57.26
O100200,2025-07-23,P204588,53.08
O100201,2024-11-22,P228080,125.56
O100202,2023-10-13,P224544,72.87
O100203,2025-04-18,P210811,291.38
O100204,2024-12-16,P218733,21.01
O100205,2024-01-03,P240696,141.56
O100206,2024-09-25,P248093,33.70
O100207,2025-04-21,P239888,7.96
O100208,2024-06-23,P247042,7.39
O100209,2023-09-16,P230059,537.23
O100210,2024-11-08,P237487,206.49
O100211,2023-12-22,P240849,33.43
O100212,2023-12-28,P214550,331.65
O100213,2023-12-22,P249122,54.98
O100214,2024-05-06,P210864,3.72
O100215,2025-01-14,P225394,475.97
O100216,2024-05-11,P219061,410.13
O100217,2024-05-16,P249699,35.66
O100218,2024-02-03,P212624,39.90
O100219,2025-05-21,P224934,21.91
O100220,2023-11-24,P203361,33.22
O100221,2025-06-18,P213707,323.62
O100222,2024-08-15,P201924,19.71
O100223,2024-05-25,P229487,1.02
O100224,2025-06-26,P212647,433.77
O100225,2024-03-05,P231734,40.55
O100226,2025-05-19,P229018,168.70
O100227,2025-07-29,P221627,49.93
O100228,2025-03-13,P221031,14.40
O100229,2024-01-23,P239449,33.57
O100230,2023-09-25,P202701,68.12
O100231,2024-07-15,P246943,32.11
O100232,2024-03-29,P242890,389.04
O100233,2024-04-14,P249573,5.91
O100234,2024-09-18,P216719,212.45
O100235,2025-06-26,P209718,159.04
O100236,2024-12-09,P200056,30.96
O100237,2025-04-16,P246741,34.61
O100238,2023-10-10,P215352,86.03
O100239,2024-10-26,P247820,11.34
O100240,2024-07-17,P203147,215.45
O100241,2024-09-20,P203537,28.88
O100242,2025-09-03,P222812,215.36
O100243,2025-06-17,P200721,40.94
O100244,2025-01-12,P245037,8.60
O100245,2025-06-22,P216769,53.07
O100246,2024-01-07,P240194,2521.68
O100247,2024-03-02,P246556,95.63
O100248,2025-06-25,P246775,25.52
O100249,2025-04-15,P243847,7.27
O100250,2024-02-13,P214346,113.04
O100251,2024-11-12,P239883,130.76
O100252,2024-09-06,P210911,140.25
O100253,2023-09-25,P200259,260.98
O100254,2025-02-09,P220872,116.08
O100255,2024-08-30,P208791,413.13
O100256,2024-09-11,P207536,41.29
O100257,2023-12-01,P220432,25.62
O100258,2024-02-27,P232750,293.69
O100259,2024-08-08,P241715,182.17
O100260,2024-09-18,P244537,237.11
O100261,2024-02-28,P219541,135.15
O100262,2024-01-15,P243718,4.73
O100263,2024-01-05,P216860,16.22
O100264,2023-11-26,P205283,63.45
O100265,2023-10-10,P230743,131.84
O100266,2023-11-16,P242559,73.70
O100267,2025-02-04,P235127,126.01
O100268,2024-08-15,P207405,309.52
O100269,2023-12-04,P231181,119.82
O100270,2025-04-29,P232205,1.09
O100271,2025-03-12,P224408,10.10
O100272,2025-03-26,P217645,5.30
O100273,2024-12-18,P247125,1111.79
O100274,2024-12-21,P206323,60.81
O100275,2025-08-04,P205937,101.52
O100276,2025-03-09,P243798,64.94
O100277,2025-02-25,P230431,49.22
O100278,2024-02-14,P217882,428.38
O100279,2024-06-28,P225324,131.44
O100280,2025-08-05,P213003,31.73
O100281,2025-01-30,P243346,11.97
O100282,2023-09-30,P225106,197.34
O100283,2023-12-01,P212979,55.02
O100284,2025-03-14,P234977,838.28
O100285,2024-09-13,P244828,26.76
O100286,2023-11-18,P207228,8.39
O100287,2024-01-10,P209300,230.82
O100288,2024-09-16,P208681,105.20
O100289,2025-04-05,P240964,64.48
O100290,2025-08-17,P208267,132.24
O100291,2024-08-01,P205372,28.53
O100292,2024-01-07,P238918,72.43
O100293,2024-12-18,P210920,794.52
O100294,2024-11-23,P248769,6.06
O100295,2023-12-02,P216856,479.17
O100296,2024-08-25,P227785,44.72
O100297,2025-08-25,P247915,25.35
O100298,2024-05-29,P217221,157.79
O100299,2024-08-13,P225178,223.20
O100300,2025-05-31,P233954,46.48
O100301,2024-02-19,P206461,73.60
O100302,2025-01-16,P217865,76.74
O100303,2024-08-04,P244232,11.80
O100304,2025-07-09,P214052,268.48
O100305,2024-11-14,P230370,10.56
O100306,2025-07-14,P207332,66.16
O100307,2024-01-04,P249383,89.60
O100308,2024-06-03,P200327,141.01
O100309,2024-12-21,P222765,130.91
O100310,2024-03-30,P205239,25.73
O100311,2023-12-08,P210078,6.58
O100312,2024-01-06,P207038,21.29
O100313,2025-06-24,P208048,359.12
O100314,2024-02-11,P228671,55.70
O100315,2025-08-09,P214954,58.08
O100316,2023-12-08,P235065,13.16
O100317,2025-08-25,P245471,123.76
O100318,2024-11-19,P202779,311.23
O100319,2025-07-10,P246474,42.33
O100320,2025-03-10,P213225,79.46
O100321,2025-09-07,P240086,90.02
O100322,2023-10-08,P232541,168.32
O100323,2024-07-15,P219720,46.12
O100324,2024-02-14,P213531,137.68
O100325,2023-11-26,P205335,26.56
O100326,2024-02-03,P209530,32.37
O100327,2024-08-23,P224791,57.28
O100328,2023-12-07,P240270,49.01
O100329,2024-03-23,P201649,17.40
O100330,2024-10-11,P213472,820.04
O100331,2025-05-17,P202862,42.63
O100332,2024-08-19,P225185,54.50
O100333,2024-02-15,P227134,168.64
O100334,2023-10-11,P200917,358.65
O100335,2024-08-10,P212444,335.37
O100336,2023-10-05,P241121,140.81
O100337,2023-09-24,P220521,553.17
O100338,2024-07-08,P238217,111.39
O100339,2025-02-11,P222066,56.40
O100340,2025-01-31,P202811,220.64
O100341,2025-02-27,P236189,156.95
O100342,2024-08-10,P209290,262.50
O100343,2025-07-31,P235489,360.88
O100344,2024-04-25,P227284,55.05
O100345,2024-10-09,P224698,254.88
O100346,2024-07-02,P243660,719.06
O100347,2024-09-14,P219637,30.10
O100348,2024-12-25,P248024,16.83
O100349,2025-01-12,P233556,77.57
O100350,2025-09-02,P216640,18.05
O100351,2025-03-13,P204025,27.81
O100352,2024-03-04,P231476,16.27
O100353,2024-10-01,P206741,8.01
O100354,2024-11-13,P203654,288.05
O100355,2024-11-16,P246348,92.69
O100356,2024-01-21,P240428,159.09
O100357,2025-05-19,P236019,204.99
O100358,2025-02-09,P238036,59.99
O100359,2024-06-29,P244549,5.78
O100360,2025-04-28,P229843,11.45
O100361,2025-03-04,P223560,153.06
O100362,2024-12-30,P246257,243.80
O100363,2024-05-22,P247899,74.47
O100364,2025-05-08,P240330,13.72
O100365,2023-09-28,P215987,12.83
O100366,2025-06-26,P220810,47.49
O100367,2023-12-20,P220311,423.98
O100368,2025-08-20,P247159,259.63
O100369,2025-01-10,P234920,405.15
O100370,2025-05-13,P208738,38.45
O100371,2025-01-12,P207888,33.41
O100372,2025-04-26,P242864,189.77
O100373,2024-07-31,P205474,12.44
O100374,2024-05-10,P200488,10.41
O100375,2025-08-19,P224144,27.34
O100376,2025-01-08,P205622,90.91
O100377,2025-06-17,P231830,104.23
O100378,2025-06-28,P236542,10.46
O100379,2024-03-09,P239214,287.08
O100380,2024-04-17,P227648,20.00
O100381,2025-05-29,P232697,323.73
O100382,2024-08-24,P225223,405.42
O100383,2025-08-17,P221865,22.98
O100384,2025-07-16,P208572,188.62
O100385,2023-11-09,P240601,23.10
O100386,2024-06-25,P243026,50.96
O100387,2024-04-22,P223501,61.52
O100388,2024-01-20,P226866,30.28
O100389,2025-09-01,P212416,17.21
O100390,2025-01-24,P225775,82.77
O100391,2024-04-13,P229080,274.39
O100392,2024-11-13,P204887,70.95
O100393,2023-12-06,P219374,5.07
O100394,2024-09-06,P216605,22.88
O100395,2024-02-19,P215684,11.37
O100396,2024-07-22,P224002,2.83
O100397,2024-12-26,P226015,273.74
O100398,2025-06-18,P222972,271.52
O100399,2024-09-07,P200617,53.11
O100400,2025-04-06,P246404,21.82
O100401,2025-01-07,P235338,86.09
O100402,2025-06-12,P206309,407.78
O100403,2024-09-15,P219139,14.89
O100404,2024-11-05,P202790,1229.56
O100405,2025-07-23,P207826,62.79
O100406,2023-11-30,P212134,474.34
O100407,2024-03-19,P219693,44.99
O100408,2024-11-13,P204054,30.06
O100409,2025-04-09,P216090,18.04
O100410,2024-11-17,P223808,6.42
O100411,2024-11-24,P240449,142.99
O100412,2023-10-22,P215569,5.34
O100413,2025-02-26,P232227,411.40
O100414,2025-02-01,P206508,761.41
O100415,2024-12-04,P216608,68.32
O100416,2024-04-18,P223523,19.09
O100417,2023-10-31,P210433,164.26
O100418,2023-10-31,P231939,92.40
O100419,2024-06-20,P245112,472.75
O100420,2025-07-12,P224520,4.57
O100421,2025-05-25,P211888,85.01
O100422,2024-03-15,P230932,94.09
O100423,2024-12-13,P219734,89.34
O100424,2024-11-19,P203827,15.95
O100425,2024-09-07,P216257,21.14
O100426,2024-12-31,P232194,17.39
O100427,2024-09-07,P231318,28.61
O100428,2024-11-08,P216793,62.91
O100429,2024-03-29,P234684,170.37
O100430,2024-12-08,P228014,3.24
O100431,2025-04-05,P202859,35.97
O100432,2024-12-30,P239840,9.13
O100433,2025-05-22,P231856,57.23
O100434,2023-10-13,P248291,41.03
O100435,2025-08-16,P234819,585.14
O100436,2025-03-18,P220085,9.68
O100437,2024-11-13,P208214,12.29
O100438,2024-03-16,P235736,590.96
O100439,2025-09-06,P241704,10.38
O100440,2024-03-03,P200601,38.95
O100441,2024-05-28,P224318,164.22
O100442,2024-03-12,P215451,914.00
O100443,2024-07-05,P246025,95.15
O100444,2025-05-20,P205274,171.86
O100445,2023-12-26,P218226,34.82
O100446,2024-01-02,P243634,55.49
O100447,2023-10-28,P230926,2.92
O100448,2025-08-19,P245136,285.29
O100449,2025-03-01,P219046,33.97
O100450,2024-03-26,P208674,24.82
O100451,2024-10-15,P219023,117.50
O100452,2025-01-17,P221910,84.91
O100453,2025-01-25,P248230,171.40
O100454,2023-12-03,P211503,322.64
O100455,2025-08-18,P248392,20.33
O100456,2024-05-14,P247138,373.36
O100457,2023-10-25,P205368,9.09
O100458,2024-02-07,P223527,24.32
O100459,2024-04-04,P245335,50.95
O100460,2023-11-25,P222487,10.62
O100461,2024-12-09,P236593,35.77
O100462,2025-03-16,P210391,378.40
O100463,2025-04-17,P209874,275.03
O100464,2024-07-13,P203608,438.13
O100465,2023-12-20,P230451,546.60
O100466,2024-11-15,P239646,169.87
O100467,2025-01-29,P233786,31.74
O100468,2023-11-16,P227546,9.47
O100469,2025-07-08,P242378,10.38
O100470,2024-05-19,P235268,29.12
O100471,2024-09-16,P202667,35.18
O100472,2025-04-20,P242346,196.47
O100473,2025-01-22,P205230,103.41
O100474,2025-05-28,P225720,264.98
O100475,2024-03-17,P243023,236.96
O100476,2025-08-23,P237602,354.12
O100477,2024-06-29,P201546,208.36
O100478,2024-05-15,P215050,7.32
O100479,2025-02-23,P247817,2.66
O100480,2023-10-12,P230134,12.34
O100481,2024-11-04,P215640,11.76
O100482,2025-01-26,P220828,4.15
O100483,2025-06-29,P214284,212.19
O100484,2024-08-01,P203423,1.84
O100485,2025-06-02,P228577,6.03
O100486,2023-11-20,P219070,207.59
O100487,2024-05-10,P202332,143.18
O100488,2025-03-05,P206066,87.81
O100489,2025-07-08,P218040,36.90
O100490,2025-05-01,P238806,65.64
O100491,2025-07-03,P208583,122.98
O100492,2024-01-26,P238057,58.60
O100493,2023-09-21,P222604,187.07
O100494,2024-03-04,P226564,344.04
O100495,2024-10-13,P233064,8.68
O100496,2024-09-19,P222857,169.06
O100497,2024-05-19,P228941,4.04
O100498,2025-05-27,P237962,14.45
O100499,2023-09-29,P238573,137.20
O100500,2024-05-08,P245565,69.21
O100501,2024-08-18,P225692,43.98
O100502,2023-11-19,P216879,1801.68
O100503,2024-05-19,P235763,83.94
O100504,2025-01-28,P216477,157.28
O100505,2025-06-16,P245680,158.51
O100506,2024-07-23,P206393,36.90
O100507,2025-06-12,P233488,96.84
O100508,2024-01-17,P221459,159.61
O100509,2024-06-10,P239093,50.23
O100510,2024-05-11,P212554,295.85
O100511,2023-11-01,P237867,165.27
O100512,2024-08-03,P212568,63.33
O100513,2024-07-18,P236794,4.76
O100514,2025-08-06,P245015,3188.66
O100515,2023-10-24,P205057,46.39
O100516,2025-05-31,P217490,209.40
O100517,2025-09-11,P205305,66.63
O100518,2025-07-20,P232740,467.92
O100519,2025-02-18,P244682,357.73
O100520,2025-04-29,P224118,86.07
O100521,2024-11-22,P206674,12.07
O100522,2025-05-15,P242331,256.79
O100523,2025-07-24,P224998,50.56
O100524,2023-12-05,P215316,368.39
O100525,2024-06-17,P216217,22.12
O100526,2024-01-29,P202005,173.01
O100527,2024-10-19,P245509,176.90
O100528,2024-12-12,P214602,5.52
O100529,2024-04-19,P221645,9.49
O100530,2024-09-16,P245371,72.10
O100531,2025-05-02,P213987,23.26
O100532,2025-07-22,P249915,179.87
O100533,2025-06-01,P213543,133.16
O100534,2025-02-07,P227944,65.28
O100535,2024-12-15,P209144,13.25
O100536,2025-02-09,P243882,25.97
O100537,2025-02-18,P238459,821.32
O100538,2023-12-27,P239827,133.43
O100539,2024-05-08,P230741,520.69
O100540,2025-02-24,P204479,2.95
O100541,2023-10-26,P204198,59.18
O100542,2025-02-28,P209091,514.26
O100543,2023-11-26,P247836,579.24
O100544,2025-07-09,P204205,46.55
O100545,2024-07-19,P203641,21.95
O100546,2024-09-26,P203543,161.44
O100547,2025-07-13,P248192,33.84
O100548,2024-11-13,P205591,2617.70
O100549,2023-11-29,P244601,86.08
O100550,2024-02-16,P229341,60.45
O100551,2024-04-16,P229055,104.25
O100552,2024-09-04,P206116,88.73
O100553,2025-04-17,P200761,47.91
O100554,2024-10-19,P202407,14.11
O100555,2024-07-20,P231594,31.17
O100556,2025-04-04,P200885,280.75
O100557,2023-10-07,P232195,48.37
O100558,2024-03-21,P235411,7.31
O100559,2025-07-09,P227819,385.90
O100560,2025-03-24,P211125,49.36
O100561,2025-05-29,P221494,21.29
O100562,2025-01-28,P234236,8.59
O100563,2025-02-16,P224585,133.63
O100564,2024-01-12,P222045,409.95
O100565,2024-08-22,P222447,16.23
O100566,2025-02-22,P246134,63.69
O100567,2024-07-09,P239783,47.80
O100568,2024-04-28,P226238,445.86
O100569,2025-07-06,P239091,68.55
O100570,2025-02-28,P241703,9.18
O100571,2025-07-24,P235196,156.68
O100572,2025-01-11,P211685,29.11
O100573,2024-04-13,P212738,145.03
O100574,2024-04-11,P242076,218.21
O100575,2025-08-06,P248647,181.75
O100576,2025-01-28,P215772,76.09
O100577,2025-01-23,P210633,4.55
O100578,2024-01-21,P223492,34.41
O100579,2025-08-15,P243961,89.67
O100580,2024-07-17,P248049,12.97
O100581,2025-02-08,P236855,74.33
O100582,2025-08-27,P206228,25.38
O100583,2023-12-24,P202831,378.90
O100584,2024-08-15,P220045,116.07
O100585,2024-06-17,P218132,83.34
O100586,2025-05-02,P211055,23.37
O100587,2025-06-20,P224318,19.29
O100588,2024-06-21,P213795,25.67
O100589,2025-08-07,P240320,42.95
O100590,2023-10-19,P219648,26.06
O100591,2025-05-13,P222158,14.66
O100592,2025-05-28,P221747,1455.26
O100593,2023-10-11,P223234,21.29
O100594,2024-06-03,P247373,213.90
O100595,2023-12-08,P231560,9.40
O100596,2024-11-21,P211282,244.76
O100597,2024-03-21,P233831,2.87
O100598,2024-06-09,P223043,90.31
O100599,2025-05-27,P246112,51.60
O100600,2024-11-03,P220929,41.95
O100601,2023-09-24,P248666,4.64
O100602,2024-04-19,P235500,126.00
O100603,2024-09-09,P201872,19.22
O100604,2024-05-01,P237488,14.84
O100605,2025-03-23,P201969,186.50
O100606,2024-04-15,P225460,146.29
O100607,2024-08-05,P212155,121.64
O100608,2024-10-12,P211870,19.01
O100609,2025-02-12,P249470,131.43
O100610,2024-02-05,P228392,2.27
O100611,2024-07-10,P203717,19.66
O100612,2024-03-15,P201374,21.32
O100613,2025-04-07,P221826,283.48
O100614,2025-03-05,P208679,6.26
O100615,2025-02-15,P249602,59.92
O100616,2025-01-15,P213427,548.14
O100617,2024-09-16,P223564,95.85
O100618,2024-11-10,P234708,3.26
O100619,2025-02-17,P235135,7.37
O100620,2025-06-29,P244196,6.38
O100621,2023-09-18,P224271,2.91
O100622,2024-09-30,P216631,55.65
O100623,2023-11-20,P219887,348.47
O100624,2024-09-07,P225259,9.33
O100625,2023-11-24,P232396,2184.99
O100626,2023-09-21,P249630,27.13
O100627,2024-05-23,P219144,840.26
O100628,2024-01-28,P212655,38.34
O100629,2023-12-07,P240736,180.81
O100630,2024-05-04,P249060,1294.65
O100631,2024-07-20,P220836,109.33
O100632,2023-12-09,P247511,35.42
O100633,2024-01-07,P201368,90.70
O100634,2024-01-21,P234994,19.81
O100635,2025-02-20,P244456,436.12
O100636,2024-02-20,P236380,15.79
O100637,2024-02-20,P212199,828.52
O100638,2023-09-22,P242802,16.10
O100639,2023-12-04,P211569,21.85
O100640,2024-03-13,P233827,144.92
O100641,2025-03-17,P231182,13.29
O100642,2025-07-27,P213115,15.37
O100643,2023-10-12,P221649,575.22
O100644,2023-12-04,P218195,405.06
O100645,2024-12-19,P230596,11.11
O100646,2024-09-14,P234961,142.61
O100647,2023-12-07,P227003,407.24
O100648,2025-07-25,P216551,11.42
O100649,2024-11-16,P248896,43.28
O100650,2023-11-04,P223826,267.08
O100651,2025-03-21,P236950,5.39
O100652,2023-10-28,P224729,75.24
O100653,2024-09-30,P203868,19.37
O100654,2025-06-13,P241274,70.48
O100655,2024-01-09,P238718,5.90
O100656,2024-01-21,P232353,211.89
O100657,2025-05-09,P241682,180.78
O100658,2023-12-27,P230653,13.12
O100659,2025-02-13,P214141,2.25
O100660,2025-08-22,P211537,620.59
O100661,2024-06-18,P230401,10.91
O100662,2025-05-31,P227387,111.45
O100663,2025-06-12,P216154,9.14
O100664,2024-07-16,P235077,41.99
O100665,2024-10-27,P206630,121.57
O100666,2023-12-10,P243461,13.42
O100667,2023-11-01,P214778,124.58
O100668,2024-06-14,P244293,149.30
O100669,2025-02-28,P223070,8.84
O100670,2024-08-23,P213416,109.02
O100671,2025-06-27,P249501,274.20
O100672,2023-10-02,P225399,9.48
O100673,2024-05-04,P208629,20.93
O100674,2024-11-10,P208360,15.09
O100675,2024-02-20,P212011,38.80
O100676,2023-12-25,P240721,18.07
O100677,2023-11-17,P236069,11.19
O100678,2025-02-04,P211227,236.74
O100679,2025-05-28,P239587,156.96
O100680,2023-12-08,P244550,178.85
O100681,2024-12-07,P202769,36.98
O100682,2025-02-23,P210492,485.97
O100683,2025-04-22,P203345,372.82
O100684,2024-05-04,P202665,85.59
O100685,2024-06-18,P224807,16.28
O100686,2025-05-16,P243552,62.23
O100687,2023-10-09,P212366,3.72
O100688,2024-07-28,P209325,14.22
O100689,2024-06-29,P205440,160.92
O100690,2025-01-18,P228222,7.95
O100691,2025-04-22,P226951,13.56
O100692,2024-02-03,P239878,139.82
O100693,2024-03-26,P220264,243.30
O100694,2024-03-25,P219121,45.43
O100695,2025-05-01,P218815,13.91
O100696,2025-04-17,P244263,96.54
O100697,2025-08-19,P230311,45.98
O100698,2024-02-21,P242397,235.81
O100699,2025-02-01,P219749,27.63
O100700,2024-03-09,P229218,207.32
O100701,2025-04-06,P215533,377.21
O100702,2025-01-08,P244133,11.52
O100703,2024-03-20,P244867,369.10
O100704,2024-02-04,P201316,111.68
O100705,2024-08-16,P237972,91.49
O100706,2024-05-09,P221388,717.34
O100707,2024-04-22,P213512,58.46
O100708,2025-07-19,P200684,2.45
O100709,2025-05-01,P227164,30.27
O100710,2024-05-16,P239208,356.13
O100711,2024-02-29,P211735,10.61
O100712,2024-06-06,P235855,203.23
O100713,2024-08-31,P242635,2.30
O100714,2024-01-04,P238546,8.04
O100715,2025-09-05,P248797,13.19
O100716,2023-09-27,P208079,126.34
O100717,2024-10-08,P222412,28.70
O100718,2024-05-01,P235862,269.42
O100719,2025-05-18,P219191,296.17
O100720,2024-01-31,P214821,38.53
O100721,2025-04-26,P207582,1663.80
O100722,2024-05-11,P209012,134.84
O100723,2025-06-03,P233655,20.24
O100724,2025-05-21,P244688,49.53
O100725,2025-06-22,P238783,115.44
O100726,2023-09-29,P214530,29.33
O100727,2025-03-26,P220377,74.04
O100728,2023-10-17,P245221,1.73
O100729,2024-02-23,P221653,31.02
O100730,2023-11-09,P240276,27.08
O100731,2024-07-13,P220380,9.00
O100732,2024-03-04,P200556,710.05
O100733,2025-04-22,P226790,26.19
O100734,2024-01-14,P208900,107.95
O100735,2024-06-27,P233485,127.13
O100736,2025-01-25,P236433,3.36
O100737,2025-01-03,P213891,20.80
O100738,2025-01-02,P243104,335.44
O100739,2024-07-21,P215014,13.45
O100740,2023-10-09,P206547,58.04
O100741,2024-12-21,P237964,143.24
O100742,2025-06-13,P229932,97.15
O100743,2025-05-12,P244739,4.79
O100744,2025-01-16,P220263,12.38
O100745,2025-04-01,P219320,154.79
O100746,2023-12-24,P247984,34.33
O100747,2023-11-22,P243374,6.83
O100748,2025-07-29,P239459,47.18
O100749,2024-05-25,P207045,329.35
O100750,2024-05-16,P243255,98.70
O100751,2024-02-20,P201237,21.13
O100752,2025-04-03,P243077,111.93
O100753,2025-07-26,P239240,244.84
O100754,2023-10-25,P236326,752.16
O100755,2023-12-13,P205293,3812.35
O100756,2025-09-04,P225274,35.29
O100757,2025-05-14,P219237,20.37
O100758,2023-11-05,P228384,65.90
O100759,2025-07-11,P230993,39.47
O100760,2024-02-28,P212811,27.94
O100761,2025-08-26,P218229,7.02
O100762,2023-11-17,P239130,49.27
O100763,2024-02-20,P213311,55.23
O100764,2025-03-04,P223040,3.67
O100765,2024-03-19,P203182,6.74
O100766,2025-05-09,P247066,758.52
O100767,2024-03-09,P249615,39.84
O100768,2024-03-25,P205760,8.75
O100769,2025-04-07,P207260,4431.45
O100770,2023-10-26,P233218,12.34
O100771,2024-06-14,P246475,23.93
O100772,2024-07-13,P201915,10.64
O100773,2024-10-15,P209115,37.68
O100774,2024-01-15,P207076,68.62
O100775,2025-01-08,P214814,9.46
O100776,2024-08-27,P233083,24.67
O100777,2023-10-29,P204793,125.55
O100778,2025-03-01,P201262,42.07
O100779,2025-03-17,P209319,24.72
O100780,2023-10-12,P213194,2072.30
O100781,2025-06-19,P219309,1.28
O100782,2023-12-17,P228760,3.09
O100783,2024-10-04,P226998,56.12
O100784,2024-12-13,P203468,12.21
O100785,2025-01-21,P246642,0.94
O100786,2024-03-15,P212651,222.01
O100787,2024-04-28,P220405,101.39
O100788,2024-12-19,P214482,23.46
O100789,2024-01-24,P204409,54.68
O100790,2023-12-16,P200547,51.02
O100791,2024-12-08,P237659,24.41
O100792,2024-12-04,P219907,18.12
O100793,2025-05-17,P223426,1.01
O100794,2025-09-09,P242489,357.48
O100795,2025-05-22,P214436,450.90
O100796,2024-11-09,P216490,79.94
O100797,2024-05-07,P228962,95.96
O100798,2025-01-19,P238236,73.16
O100799,2024-10-15,P229288,413.84
O100800,2025-03-17,P222236,420.04
O100801,2025-08-02,P214923,53.16
O100802,2024-04-25,P201250,2.15
O100803,2025-03-19,P213264,30.32
O100804,2024-12-18,P201611,1239.86
O100805,2025-02-01,P207928,14.80
O100806,2025-09-04,P234558,705.86
O100807,2025-06-29,P200867,1476.30
O100808,2023-09-26,P231689,15.91
O100809,2024-10-14,P245213,18.18
O100810,2024-05-12,P233095,886.75
O100811,2024-08-31,P203816,203.74
O100812,2025-08-24,P232626,27.39
O100813,2025-05-26,P235916,12.76
O100814,2025-08-05,P247838,26.99
O100815,2024-05-07,P211573,152.04
O100816,2024-11-25,P243334,19.63
O100817,2025-05-31,P218939,26.17
O100818,2025-01-18,P213157,8.63
O100819,2024-04-14,P209322,17.51
O100820,2023-10-24,P202482,285.47
O100821,2023-12-18,P235867,13.17
O100822,2024-01-23,P244280,8.84
O100823,2025-06-22,P213675,18.13
O100824,2025-04-13,P230420,102.03
O100825,2025-01-28,P242516,62.36
O100826,2024-05-24,P211735,566.03
O100827,2024-12-11,P213850,140.86
O100828,2024-05-31,P206732,24.82
O100829,2024-10-25,P240753,27.00
O100830,2025-03-21,P245468,35.31
O100831,2023-10-27,P238822,37.99
O100832,2024-07-05,P249720,23.20
O100833,2025-04-20,P234422,4105.25
O100834,2023-12-15,P232731,129.01
O100835,2024-02-14,P211428,18.16
O100836,2024-04-11,P211311,27.48
O100837,2024-07-17,P203733,58.28
O100838,2024-03-11,P239579,222.46
O100839,2024-04-11,P208342,9.44
O100840,2023-09-13,P210464,9.49
O100841,2024-02-22,P248514,160.78
O100842,2024-11-21,P245311,42.08
O100843,2025-04-17,P210300,15.14
O100844,2025-04-13,P234563,109.28
O100845,2024-02-16,P248960,4.66
O100846,2024-12-07,P213708,213.39
O100847,2024-11-29,P228090,230.16
O100848,2024-01-20,P249151,13.13
O100849,2024-10-21,P241308,66.01
O100850,2025-03-17,P216328,14.66
O100851,2024-05-15,P226654,303.00
O100852,2023-12-19,P206214,22.15
O100853,2024-11-06,P238913,33.02
O100854,2025-02-06,P227552,123.91
O100855,2024-09-26,P235377,263.62
O100856,2025-04-06,P225734,464.88
O100857,2024-08-13,P224721,58.70
O100858,2024-06-13,P218610,4857.84
O100859,2024-12-13,P213622,157.58
O100860,2025-03-24,P228875,213.31
O100861,2025-03-19,P223226,89.13
O100862,2025-01-31,P227677,25.84
O100863,2025-08-18,P210298,385.32
O100864,2025-04-16,P235848,7.64
O100865,2024-04-07,P233755,1081.82
O100866,2025-04-30,P217744,11.77
O100867,2025-03-14,P223434,6.11
O100868,2025-07-13,P240314,144.30
O100869,2025-02-19,P248001,87.34
O100870,2024-01-13,P201726,19.89
O100871,2025-03-26,P248917,4.12
O100872,2023-12-30,P214268,73.89
O100873,2025-05-01,P246745,60.48
O100874,2025-08-14,P200907,13.36
O100875,2025-03-03,P225759,22.28
O100876,2024-01-01,P213764,23.17
O100877,2024-04-28,P224409,503.85
O100878,2024-06-24,P208390,80.52
O100879,2024-08-26,P230172,27.40
O100880,2024-01-05,P235223,142.45
O100881,2025-04-29,P237976,197.76
O100882,2024-05-12,P240542,1097.58
O100883,2023-10-03,P247324,134.45
O100884,2025-09-09,P248196,20.40
O100885,2024-08-13,P203365,59.56
O100886,2023-11-29,P225836,35.14
O100887,2023-11-11,P228554,14.25
O100888,2025-06-04,P221663,182.38
O100889,2024-07-14,P205951,17.15
O100890,2024-09-08,P215175,32.49
O100891,2024-11-15,P211027,50.96
O100892,2025-02-11,P242273,16.98
O100893,2024-07-04,P210094,115.72
O100894,2024-03-23,P223081,876.52
O100895,2024-10-06,P212167,109.29
O100896,2025-09-08,P208769,449.36
O100897,2024-10-13,P223060,21.08
O100898,2024-09-08,P201020,12.57
O100899,2024-02-19,P211845,161.95
O100900,2024-09-06,P236612,5.41
O100901,2024-06-19,P236341,28.88
O100902,2025-02-19,P210485,40.09
O100903,2025-04-29,P238210,228.16
O100904,2024-02-27,P207914,117.26
O100905,2025-06-17,P240719,197.30
O100906,2024-04-12,P208802,11.45
O100907,2024-09-02,P241288,43.85
O100908,2024-10-21,P233314,654.91
O100909,2023-10-08,P248298,625.48
O100910,2023-11-21,P219565,248.55
O100911,2024-07-15,P227617,4.70
O100912,2025-05-19,P241766,126.54
O100913,2025-07-17,P225609,298.89
O100914,2024-03-22,P244233,1065.47
O100915,2024-05-05,P220371,159.03
O100916,2024-02-25,P248384,3.21
O100917,2024-03-17,P219124,24.60
O100918,2025-05-25,P212717,24.72
O100919,2025-08-31,P248193,1541.54
O100920,2025-05-04,P237669,583.75
O100921,2025-03-02,P226272,51.27
O100922,2024-07-11,P211842,17.33
O100923,2023-11-02,P238476,62.58
O100924,2024-06-11,P202082,191.18
O100925,2025-06-23,P226261,17.04
O100926,2024-05-19,P220970,2689.10
O100927,2025-03-22,P209795,14.73
O100928,2024-04-24,P245309,845.36
O100929,2024-09-05,P233028,23.68
O100930,2024-09-19,P220180,21.52
O100931,2024-12-11,P246335,150.06
O100932,2024-09-27,P227351,71.93
O100933,2023-10-27,P238750,11.50
O100934,2024-01-18,P233268,33.72
O100935,2024-07-05,P201015,84.89
O100936,2024-10-07,P243293,74.25
O100937,2024-08-14,P224489,496.59
O100938,2024-06-02,P236731,159.17
O100939,2025-02-27,P211866,1379.42
O100940,2025-07-12,P245015,89.46
O100941,2025-05-26,P235474,842.07
O100942,2025-03-26,P215272,7.49
O100943,2025-07-17,P232161,74.63
O100944,2023-10-25,P202099,221.60
O100945,2024-02-11,P206386,32.32
O100946,2025-07-25,P205338,174.74
O100947,2024-12-29,P208300,23.93
O100948,2025-01-04,P221400,55.30
O100949,2025-06-15,P224641,308.20
O100950,2025-07-21,P204297,76.75
O100951,2023-12-07,P219332,72.60
O100952,2024-08-29,P241173,21.80
O100953,2023-10-14,P247862,9.98
O100954,2024-05-29,P215201,11.86
O100955,2024-02-22,P245382,233.21
O100956,2025-01-28,P246129,30.41
O100957,2024-07-18,P233808,141.96
O100958,2023-10-07,P212810,24.08
O100959,2025-08-18,P207988,39.45
O100960,2025-03-05,P240327,130.19
O100961,2025-07-09,P219579,154.53
O100962,2025-08-30,P221483,3.11
O100963,2024-06-26,P200503,38.25
O100964,2024-11-06,P205344,16.05
O100965,2025-09-11,P208947,7.95
O100966,2023-10-26,P209533,2.55
O100967,2024-04-19,P247576,18.68
O100968,2025-05-16,P240916,24.37
O100969,2024-10-23,P246923,16.40
O100970,2024-11-11,P215193,16.11
O100971,2025-07-01,P201381,4.33
O100972,2025-06-12,P207012,154.89
O100973,2025-09-01,P215213,67.28
O100974,2025-06-17,P227563,2.67
O100975,2025-08-01,P215212,29.72
O100976,2024-03-27,P230124,98.45
O100977,2024-07-14,P246576,115.20
O100978,2025-05-18,P210711,35.66
O100979,2024-07-15,P230266,26.46
O100980,2023-10-11,P247941,56.55
O100981,2025-01-04,P209515,19.85
O100982,2024-05-20,P220193,395.44
O100983,2023-10-04,P244707,15.62
O100984,2024-12-10,P202131,30.06
O100985,2025-01-16,P202424,176.19
O100986,2024-12-23,P244344,23.89
O100987,2025-03-27,P221823,12.83
O100988,2024-03-05,P209200,23.46
O100989,2025-02-06,P223031,480.38
O100990,2024-10-12,P203216,60.71
O100991,2024-02-19,P245594,391.06
O100992,2024-10-28,P200016,164.72
O100993,2025-02-14,P237438,77.06
O100994,2025-08-04,P226378,34.28
O100995,2025-01-09,P235391,325.00
O100996,2024-06-28,P231734,19.17
O100997,2023-12-30,P213350,13.52
O100998,2025-02-14,P249281,65.84
O100999,2024-08-14,P214450,58.05
